edad,edad_gestacion,imc,pam,hemoglobina,hipertension,diabetes,ant_fam_hiper
36,11,27.92,70.0,12.6,0,0,0
32,11,33.67,98.0,12.8,0,0,0
31,12,20.93,82.0,12.1,0,0,0
33,11,30.12,100.0,15.09,0,0,1
24,13,20.59,70.0,11.6,0,0,0
19,10,25.71,73.33333333333333,12.4,0,1,0
37,10,39.56,73.33333333333333,12.4,0,0,0
31,11,41.41,94.66666666666669,13.55,1,1,1
27,13,35.8,90.0,12.5,0,0,0
22,11,24.11,82.66666666666667,11.9,0,0,0
20,12,23.53,77.66666666666667,11.0,0,0,0
19,12,21.09,80.33333333333333,11.0,0,0,0
18,12,26.16,104.0,13.65,0,0,0
33,11,39.82,78.0,11.9,0,0,0
19,12,26.84,73.33333333333333,12.0,1,0,0
26,12,22.64,80.0,10.1,0,0,0
19,13,38.67,86.0,11.9,0,0,1
41,11,27.11,89.33333333333333,13.0,0,0,0
35,11,34.22,80.66666666666667,14.0,0,0,1
19,10,23.01,70.0,12.4,0,1,0
39,12,28.76,79.33333333333333,12.8,0,0,0
29,12,22.72,89.66666666666667,10.3,0,0,0
18,11,23.53,80.0,,0,0,0
20,12,25.56,75.33333333333333,11.9,0,0,0
18,12,24.65,68.66666666666667,11.4,0,0,0
20,11,31.04,,12.4,0,0,0
36,11,30.08,80.0,11.6,0,0,0
36,12,32.84,73.33333333333333,11.4,0,0,0
29,12,37.66,83.0,12.5,0,0,0
35,12,23.73,89.0,,0,0,0
26,11,32.26,73.33333333333333,10.5,0,0,0
35,12,36.21,84.0,9.4,0,0,0
23,11,33.77,86.66666666666667,13.0,0,0,0
18,12,22.89,73.33333333333333,11.0,0,0,0
31,12,20.66,89.66666666666667,12.48,0,0,0
38,13,38.06,85.66666666666667,11.0,0,0,0
32,10,25.22,74.33333333333333,12.9,0,1,0
21,12,28.51,76.66666666666667,12.8,0,0,0
31,10,24.14,73.33333333333333,12.9,0,0,0
36,11,21.76,,,0,0,0
23,12,25.39,69.66666666666667,12.8,0,0,0
20,10,20.56,74.0,12.8,0,0,0
31,11,28.32,73.33333333333333,,0,0,0
25,10,29.69,84.0,12.0,0,0,0
13,10,32.42,76.66666666666667,12.5,0,0,0
18,11,25.0,66.0,11.9,0,0,0
20,11,27.83,73.33333333333333,11.3,0,0,0
22,12,23.19,79.0,10.8,0,0,1
43,12,26.67,,13.7,0,0,0
28,13,16.14,91.0,13.8,1,0,0
25,11,32.39,76.66666666666667,12.9,0,0,0
25,12,21.78,73.33333333333333,12.5,0,1,0
36,12,45.14,86.66666666666667,10.3,0,0,0
26,12,25.63,85.0,12.1,0,0,0
31,13,40.43,79.66666666666667,13.2,0,0,0
17,11,28.44,92.0,14.3,0,0,0
32,13,34.77,89.66666666666667,12.8,0,0,0
32,10,29.9,79.33333333333333,11.6,0,0,0
29,12,24.24,83.66666666666667,12.6,0,0,0
30,12,34.55,76.66666666666667,11.6,1,0,0
